candidate,electorate,party,progress
Claude HASTIR,Brindabella,SUSTAINABLE AUSTRALIA (ACT),"[251.0, 251.0, 251.0, 253.0, 253.0, nan, nan, nan, nan, nan, nan, nan, nan, nan, nan, nan, nan, nan, nan, nan, nan, nan, nan, nan, nan, nan, nan, nan, nan, nan, nan, nan]"
Melissa KEMP,Brindabella,SUSTAINABLE AUSTRALIA (ACT),"[446.0, 446.0, 448.0, 448.0, 450.0, 579.0, 581.0, 625.0, 627.0, 630.0, 642.0, nan, nan, nan, nan, nan, nan, nan, nan, nan, nan, nan, nan, nan, nan, nan, nan, nan, nan, nan, nan, nan]"
Andrew WALL,Brindabella,CANBERRA LIBERALS,"[5614.0, 5614.0, 5615.0, 5619.0, 5626.0, 5642.0, 5654.0, 5673.0, 5682.0, 5688.0, 5692.0, 5744.0, 5781.0, 5817.0, 5827.0, 5875.0, 6284.0, 6320.0, 6500.0, 6538.0, 6585.0, 7811.0, 7806.0, 7806.0, 7806.0, 7806.0, 7806.0, 7806.0, 7806.0, 7806.0, 7806.0, 7806.0]"
Annette FAZEY-SOUTHWELL,Brindabella,CANBERRA LIBERALS,"[1669.0, 1669.0, 1669.0, 1672.0, 1674.0, 1687.0, 1696.0, 1701.0, 1704.0, 1707.0, 1708.0, 1731.0, 1751.0, 1764.0, 1768.0, 1788.0, nan, nan, nan, nan, nan, nan, nan, nan, nan, nan, nan, nan, nan, nan, nan, nan]"
 Ed COCKS,Brindabella,CANBERRA LIBERALS,"[3195.0, 3195.0, 3202.0, 3203.0, 3207.0, 3218.0, 3225.0, 3233.0, 3238.0, 3243.0, 3251.0, 3279.0, 3300.0, 3333.0, 3345.0, 3386.0, 3702.0, 3717.0, 3851.0, 3894.0, 3936.0, nan, nan, nan, nan, nan, nan, nan, nan, nan, nan, nan]"
Mark PARTON,Brindabella,CANBERRA LIBERALS,"[4962.0, 4962.0, 4965.0, 4967.0, 4971.0, 4976.0, 4982.0, 5001.0, 5006.0, 5010.0, 5013.0, 5052.0, 5101.0, 5126.0, 5135.0, 5185.0, 5540.0, 5558.0, 5715.0, 5762.0, 5803.0, 6787.0, 6789.0, 6898.0, 6898.0, 7414.0, 7414.0, 7524.0, 7524.0, 7794.0, 7910.0, 7806.0]"
Nicole LAWDER,Brindabella,CANBERRA LIBERALS,"[4166.0, 4166.0, 4166.0, 4167.0, 4172.0, 4185.0, 4189.0, 4198.0, 4224.0, 4229.0, 4231.0, 4272.0, 4300.0, 4319.0, 4329.0, 4381.0, 4835.0, 4900.0, 5039.0, 5092.0, 5155.0, 6216.0, 6218.0, 6324.0, 6324.0, 6815.0, 6815.0, 6995.0, 6995.0, 7316.0, 7571.0, 7662.0]"
Robyn SOXSMITH,Brindabella,ANIMAL JUSTICE PARTY,"[474.0, 474.0, 474.0, 479.0, 480.0, 487.0, 493.0, 506.0, 510.0, nan, nan, nan, nan, nan, nan, nan, nan, nan, nan, nan, nan, nan, nan, nan, nan, nan, nan, nan, nan, nan, nan, nan]"
Sarah O'BRIEN,Brindabella,ANIMAL JUSTICE PARTY,"[632.0, 632.0, 632.0, 635.0, 640.0, 645.0, 646.0, 663.0, 666.0, 1017.0, 1031.0, 1137.0, 1154.0, 1173.0, 1197.0, nan, nan, nan, nan, nan, nan, nan, nan, nan, nan, nan, nan, nan, nan, nan, nan, nan]"
Richard TUFFIN,Brindabella,LIKE CANBERRA,"[231.0, 231.0, 232.0, 355.0, 360.0, 361.0, 363.0, nan, nan, nan, nan, nan, nan, nan, nan, nan, nan, nan, nan, nan, nan, nan, nan, nan, nan, nan, nan, nan, nan, nan, nan, nan]"
Timothy FRIEL,Brindabella,LIKE CANBERRA,"[211.0, 211.0, 213.0, nan, nan, nan, nan, nan, nan, nan, nan, nan, nan, nan, nan, nan, nan, nan, nan, nan, nan, nan, nan, nan, nan, nan, nan, nan, nan, nan, nan, nan]"
Angie DRAKE,Brindabella,ACT LABOR,"[2940.0, 2940.0, 2945.0, 2950.0, 2954.0, 2958.0, 2960.0, 2974.0, 2974.0, 2989.0, 3025.0, 3044.0, 3056.0, 3076.0, 3098.0, 3171.0, 3188.0, 3606.0, 3712.0, 3787.0, 4185.0, 4297.0, 4297.0, 5643.0, 5643.0, 6262.0, 6262.0, nan, nan, nan, nan, nan]"
Joy BURCH,Brindabella,ACT LABOR,"[3838.0, 3838.0, 3839.0, 3849.0, 3851.0, 3858.0, 3868.0, 3886.0, 3893.0, 3909.0, 3929.0, 3947.0, 3957.0, 3980.0, 4013.0, 4091.0, 4157.0, 4592.0, 4671.0, 4730.0, 5108.0, 5191.0, 5191.0, 6106.0, 6106.0, 6787.0, 6787.0, 8928.0, 8928.0, 8928.0, 7806.0, 7806.0]"
Karl MAFTOUM,Brindabella,ACT LABOR,"[1871.0, 1871.0, 1873.0, 1875.0, 1875.0, 1877.0, 1881.0, 1890.0, 1893.0, 1897.0, 1903.0, 1914.0, 1919.0, 1929.0, 1939.0, 1957.0, 1963.0, nan, nan, nan, nan, nan, nan, nan, nan, nan, nan, nan, nan, nan, nan, nan]"
Mick GENTLEMAN,Brindabella,ACT LABOR,"[3964.0, 3964.0, 3967.0, 3969.0, 3972.0, 3975.0, 3978.0, 3992.0, 3998.0, 4001.0, 4011.0, 4034.0, 4052.0, 4077.0, 4106.0, 4157.0, 4178.0, 4619.0, 4764.0, 4837.0, 5157.0, 5229.0, 5229.0, 6398.0, 6398.0, 7066.0, 7066.0, 9867.0, 9867.0, 7806.0, 7806.0, 7806.0]"
Taimus WERNER-GIBBINGS,Brindabella,ACT LABOR,"[3131.0, 3131.0, 3133.0, 3138.0, 3145.0, 3148.0, 3154.0, 3171.0, 3175.0, 3177.0, 3193.0, 3213.0, 3219.0, 3237.0, 3257.0, 3309.0, 3320.0, 3654.0, 3780.0, 3814.0, 4162.0, 4220.0, 4220.0, nan, nan, nan, nan, nan, nan, nan, nan, nan]"
Greg RENET,Brindabella,LIBERAL DEMOCRATS,"[261.0, 261.0, 289.0, 289.0, 331.0, 333.0, nan, nan, nan, nan, nan, nan, nan, nan, nan, nan, nan, nan, nan, nan, nan, nan, nan, nan, nan, nan, nan, nan, nan, nan, nan, nan]"
Jacob GOWOR,Brindabella,LIBERAL DEMOCRATS,"[256.0, 256.0, 291.0, 291.0, 351.0, 351.0, 461.0, 464.0, nan, nan, nan, nan, nan, nan, nan, nan, nan, nan, nan, nan, nan, nan, nan, nan, nan, nan, nan, nan, nan, nan, nan, nan]"
Matt DONNELLY,Brindabella,LIBERAL DEMOCRATS,"[284.0, 284.0, 316.0, 317.0, 373.0, 374.0, 479.0, 482.0, 822.0, 823.0, 824.0, 835.0, nan, nan, nan, nan, nan, nan, nan, nan, nan, nan, nan, nan, nan, nan, nan, nan, nan, nan, nan, nan]"
Matt STRASCHKO,Brindabella,LIBERAL DEMOCRATS,"[169.0, 169.0, nan, nan, nan, nan, nan, nan, nan, nan, nan, nan, nan, nan, nan, nan, nan, nan, nan, nan, nan, nan, nan, nan, nan, nan, nan, nan, nan, nan, nan, nan]"
Vera SARAGIH,Brindabella,LIBERAL DEMOCRATS,"[205.0, 205.0, 232.0, 233.0, nan, nan, nan, nan, nan, nan, nan, nan, nan, nan, nan, nan, nan, nan, nan, nan, nan, nan, nan, nan, nan, nan, nan, nan, nan, nan, nan, nan]"
Ben MURPHY,Brindabella,THE GREENS,"[590.0, 590.0, 595.0, 597.0, 603.0, 606.0, 609.0, 612.0, 618.0, 620.0, nan, nan, nan, nan, nan, nan, nan, nan, nan, nan, nan, nan, nan, nan, nan, nan, nan, nan, nan, nan, nan, nan]"
Johnathan DAVIS,Brindabella,THE GREENS,"[684.0, 684.0, 685.0, 685.0, 690.0, 691.0, 694.0, 706.0, 709.0, 713.0, 924.0, 958.0, 990.0, 996.0, nan, nan, nan, nan, nan, nan, nan, nan, nan, nan, nan, nan, nan, nan, nan, nan, nan, nan]"
Michael MAZENGARB,Brindabella,THE GREENS,"[1125.0, 1125.0, 1126.0, 1130.0, 1132.0, 1137.0, 1140.0, 1154.0, 1162.0, 1176.0, 1388.0, 1422.0, 1438.0, 1457.0, 2173.0, 2341.0, 2361.0, 2418.0, 2591.0, 2646.0, nan, nan, nan, nan, nan, nan, nan, nan, nan, nan, nan, nan]"
Monique SHEPHERD,Brindabella,AUSTRALIAN SEX PARTY ACT,"[1623.0, 1623.0, 1625.0, 1629.0, 1633.0, 1636.0, 1642.0, 1674.0, 1685.0, 1696.0, 1726.0, 1762.0, 1795.0, 1821.0, 1867.0, 2074.0, 2088.0, 2130.0, 2355.0, nan, nan, nan, nan, nan, nan, nan, nan, nan, nan, nan, nan, nan]"
Steven BAILEY,Brindabella,AUSTRALIAN SEX PARTY ACT,"[2071.0, 2071.0, 2074.0, 2095.0, 2098.0, 2106.0, 2123.0, 2146.0, 2154.0, 2199.0, 2218.0, 2241.0, 2279.0, 2307.0, 2330.0, 2462.0, 2507.0, 2558.0, 2818.0, 4469.0, 4960.0, 5097.0, 5097.0, 5336.0, 5336.0, nan, nan, nan, nan, nan, nan, nan]"
Andrew HOLT,Brindabella,UNGROUPED,"[767.0, 767.0, 767.0, 772.0, 775.0, 778.0, 784.0, 811.0, 815.0, 825.0, 836.0, 891.0, 907.0, nan, nan, nan, nan, nan, nan, nan, nan, nan, nan, nan, nan, nan, nan, nan, nan, nan, nan, nan]"
Joel McKAY,Brindabella,UNGROUPED,"[1200.0, 1200.0, 1202.0, 1205.0, 1206.0, 1207.0, 1211.0, 1245.0, 1248.0, 1250.0, 1253.0, 1312.0, 1332.0, 1904.0, 1922.0, 2035.0, 2056.0, 2076.0, nan, nan, nan, nan, nan, nan, nan, nan, nan, nan, nan, nan, nan, nan]"
exhausted,Brindabella,nan,"[nan, nan, 4.0, 8.0, 8.0, 15.0, 17.0, 23.0, 27.0, 31.0, 32.0, 42.0, 499.0, 514.0, 524.0, 618.0, 651.0, 682.0, 1034.0, 1261.0, 1779.0, 1982.0, 1982.0, 2318.0, 2318.0, 4679.0, 4679.0, 5709.0, 5709.0, 5709.0, 5709.0, 5709.0]"
Geoff BUCKMASTER,Ginninderra,SUSTAINABLE AUSTRALIA (ACT),"[468.0, 468.0, 468.0, 469.0, 471.0, 473.0, 476.0, 478.0, 483.0, 488.0, 494.0, 503.0, 526.0, 532.0, 538.0, nan, nan, nan, nan, nan, nan, nan, nan, nan, nan, nan, nan, nan, nan, nan, nan, nan, nan, nan]"
Martin TYE,Ginninderra,SUSTAINABLE AUSTRALIA (ACT),"[637.0, 637.0, 637.0, 638.0, 641.0, 643.0, 645.0, 645.0, 649.0, 655.0, 660.0, 668.0, 689.0, 699.0, 709.0, 975.0, 1005.0, 1066.0, 1106.0, 1126.0, nan, nan, nan, nan, nan, nan, nan, nan, nan, nan, nan, nan, nan, nan]"
Chris BOURKE,Ginninderra,ACT LABOR,"[3551.0, 3551.0, 3552.0, 3552.0, 3555.0, 3561.0, 3562.0, 3564.0, 3568.0, 3574.0, 3577.0, 3586.0, 3602.0, 3609.0, 3630.0, 3657.0, 3663.0, 3680.0, 3695.0, 3714.0, 3765.0, 3807.0, 3853.0, 3874.0, 3939.0, 4638.0, 4884.0, nan, nan, nan, nan, nan, nan, nan]"
Gordon RAMSAY,Ginninderra,ACT LABOR,"[3934.0, 3934.0, 3934.0, 3934.0, 3937.0, 3940.0, 3945.0, 3951.0, 3957.0, 3960.0, 3961.0, 3972.0, 3999.0, 4016.0, 4044.0, 4076.0, 4096.0, 4117.0, 4133.0, 4153.0, 4235.0, 4264.0, 4342.0, 4387.0, 4426.0, 5072.0, 5418.0, 6542.0, 6575.0, 6735.0, 6735.0, 6845.0, 6851.0, 8564.0]"
Kim FISCHER,Ginninderra,ACT LABOR,"[3364.0, 3364.0, 3364.0, 3367.0, 3369.0, 3370.0, 3371.0, 3373.0, 3374.0, 3379.0, 3385.0, 3398.0, 3411.0, 3425.0, 3442.0, 3471.0, 3486.0, 3506.0, 3513.0, 3533.0, 3594.0, 3633.0, 3690.0, 3709.0, 3755.0, nan, nan, nan, nan, nan, nan, nan, nan, nan]"
Tara CHEYNE,Ginninderra,ACT LABOR,"[3875.0, 3875.0, 3875.0, 3876.0, 3878.0, 3882.0, 3884.0, 3886.0, 3889.0, 3893.0, 3897.0, 3902.0, 3918.0, 3935.0, 3953.0, 3972.0, 3990.0, 4007.0, 4018.0, 4065.0, 4135.0, 4165.0, 4210.0, 4264.0, 4293.0, 5121.0, 5465.0, 6598.0, 6634.0, 6722.0, 6722.0, 6826.0, 6830.0, 9196.0]"
Yvette BERRY,Ginninderra,ACT LABOR,"[4770.0, 4770.0, 4770.0, 4771.0, 4774.0, 4776.0, 4777.0, 4779.0, 4781.0, 4781.0, 4786.0, 4791.0, 4811.0, 4828.0, 4849.0, 4880.0, 4898.0, 4916.0, 4930.0, 4940.0, 4994.0, 5039.0, 5112.0, 5127.0, 5162.0, 5974.0, 6238.0, 7936.0, 7858.0, 7858.0, 7858.0, 7858.0, 7858.0, 7858.0]"
Indra ESGUERRA,Ginninderra,THE GREENS,"[3036.0, 3036.0, 3036.0, 3036.0, 3036.0, 3036.0, 3039.0, 3046.0, 3049.0, 3054.0, 3058.0, 3060.0, 3087.0, 3099.0, 3133.0, 3145.0, 3158.0, 3229.0, 3239.0, 3584.0, 3687.0, 4591.0, 4692.0, 4722.0, 4755.0, 4957.0, 5643.0, 5932.0, 5937.0, 6013.0, 6013.0, 6124.0, 6129.0, 10.0]"
Jason CHAPPEL,Ginninderra,THE GREENS,"[818.0, 818.0, 818.0, 818.0, 819.0, 822.0, 824.0, 827.0, 829.0, 829.0, 833.0, 835.0, 848.0, 855.0, 861.0, 883.0, 899.0, 921.0, 924.0, 1179.0, 1248.0, nan, nan, nan, nan, nan, nan, nan, nan, nan, nan, nan, nan, nan]"
Richard MERZIAN,Ginninderra,THE GREENS,"[719.0, 719.0, 719.0, 721.0, 721.0, 722.0, 722.0, 725.0, 729.0, 733.0, 734.0, 739.0, 755.0, 764.0, 768.0, 772.0, 782.0, 806.0, 810.0, nan, nan, nan, nan, nan, nan, nan, nan, nan, nan, nan, nan, nan, nan, nan]"
Denise FISHER,Ginninderra,CANBERRA LIBERALS,"[2802.0, 2802.0, 2804.0, 2806.0, 2812.0, 2812.0, 2813.0, 2818.0, 2825.0, 2832.0, 2835.0, 2842.0, 2852.0, 2864.0, 2876.0, 2883.0, 2924.0, 2942.0, 2980.0, 2993.0, 3045.0, 3061.0, 3110.0, 3452.0, nan, nan, nan, nan, nan, nan, nan, nan, nan, nan]"
Elizabeth KIKKERT,Ginninderra,CANBERRA LIBERALS,"[3158.0, 3158.0, 3158.0, 3160.0, 3166.0, 3168.0, 3171.0, 3175.0, 3179.0, 3190.0, 3198.0, 3206.0, 3225.0, 3241.0, 3257.0, 3263.0, 3308.0, 3323.0, 3346.0, 3348.0, 3397.0, 3409.0, 3478.0, 3928.0, 5032.0, 5106.0, 5506.0, 5587.0, 5587.0, 7875.0, 7875.0, 7875.0, 7858.0, 7858.0]"
Ignatius ROZARIO,Ginninderra,CANBERRA LIBERALS,"[1682.0, 1682.0, 1683.0, 1683.0, 1686.0, 1689.0, 1689.0, 1690.0, 1691.0, 1695.0, 1700.0, 1707.0, 1717.0, 1732.0, 1743.0, 1750.0, 1780.0, 1793.0, 1805.0, 1820.0, 1851.0, 1853.0, 1875.0, nan, nan, nan, nan, nan, nan, nan, nan, nan, nan, nan]"
Paul SWEENEY,Ginninderra,CANBERRA LIBERALS,"[3202.0, 3202.0, 3203.0, 3205.0, 3207.0, 3213.0, 3213.0, 3219.0, 3223.0, 3228.0, 3233.0, 3240.0, 3264.0, 3270.0, 3291.0, 3310.0, 3374.0, 3390.0, 3421.0, 3426.0, 3467.0, 3493.0, 3532.0, 3947.0, 4869.0, 4922.0, 5173.0, 5272.0, 5272.0, nan, nan, nan, nan, nan]"
Vicki DUNNE,Ginninderra,CANBERRA LIBERALS,"[4251.0, 4251.0, 4252.0, 4255.0, 4260.0, 4264.0, 4266.0, 4273.0, 4281.0, 4290.0, 4299.0, 4308.0, 4324.0, 4338.0, 4354.0, 4364.0, 4421.0, 4443.0, 4474.0, 4483.0, 4541.0, 4555.0, 4620.0, 5012.0, 6033.0, 6179.0, 6479.0, 6624.0, 6626.0, 8792.0, 8792.0, 7858.0, 7858.0, 7858.0]"
Richard HARRISS,Ginninderra,LIKE CANBERRA,"[222.0, 222.0, 223.0, 223.0, 224.0, 225.0, 225.0, nan, nan, nan, nan, nan, nan, nan, nan, nan, nan, nan, nan, nan, nan, nan, nan, nan, nan, nan, nan, nan, nan, nan, nan, nan, nan, nan]"
Sam HUGGINS,Ginninderra,LIKE CANBERRA,"[228.0, 228.0, 229.0, 230.0, 233.0, 235.0, 235.0, 385.0, 392.0, 398.0, 406.0, 413.0, nan, nan, nan, nan, nan, nan, nan, nan, nan, nan, nan, nan, nan, nan, nan, nan, nan, nan, nan, nan, nan, nan]"
Alan TUTT,Ginninderra,CANBERRA COMMUNITY VOTERS,"[262.0, 262.0, 273.0, 298.0, 298.0, 299.0, 333.0, 334.0, 336.0, 340.0, 345.0, nan, nan, nan, nan, nan, nan, nan, nan, nan, nan, nan, nan, nan, nan, nan, nan, nan, nan, nan, nan, nan, nan, nan]"
Beth GOOCH,Ginninderra,CANBERRA COMMUNITY VOTERS,"[122.0, 122.0, 136.0, 149.0, 149.0, 149.0, nan, nan, nan, nan, nan, nan, nan, nan, nan, nan, nan, nan, nan, nan, nan, nan, nan, nan, nan, nan, nan, nan, nan, nan, nan, nan, nan, nan]"
Geoff KETTLE,Ginninderra,CANBERRA COMMUNITY VOTERS,"[274.0, 274.0, 284.0, 307.0, 307.0, 308.0, 360.0, 362.0, 362.0, 363.0, 366.0, 536.0, 566.0, 571.0, 578.0, 585.0, 609.0, 621.0, nan, nan, nan, nan, nan, nan, nan, nan, nan, nan, nan, nan, nan, nan, nan, nan]"
Gilbert REILLY,Ginninderra,CANBERRA COMMUNITY VOTERS,"[68.0, 68.0, nan, nan, nan, nan, nan, nan, nan, nan, nan, nan, nan, nan, nan, nan, nan, nan, nan, nan, nan, nan, nan, nan, nan, nan, nan, nan, nan, nan, nan, nan, nan, nan]"
Mick KAYE,Ginninderra,CANBERRA COMMUNITY VOTERS,"[88.0, 88.0, 96.0, nan, nan, nan, nan, nan, nan, nan, nan, nan, nan, nan, nan, nan, nan, nan, nan, nan, nan, nan, nan, nan, nan, nan, nan, nan, nan, nan, nan, nan, nan, nan]"
Guy JAKEMAN,Ginninderra,LIBERAL DEMOCRATS,"[278.0, 278.0, 279.0, 281.0, 282.0, 283.0, 286.0, 286.0, 289.0, nan, nan, nan, nan, nan, nan, nan, nan, nan, nan, nan, nan, nan, nan, nan, nan, nan, nan, nan, nan, nan, nan, nan, nan, nan]"
Naomi GOWOR,Ginninderra,LIBERAL DEMOCRATS,"[309.0, 309.0, 315.0, 320.0, 322.0, 324.0, 334.0, 339.0, 344.0, 525.0, 532.0, 540.0, 550.0, 556.0, 563.0, 569.0, nan, nan, nan, nan, nan, nan, nan, nan, nan, nan, nan, nan, nan, nan, nan, nan, nan, nan]"
David EDWARDS,Ginninderra,UNGROUPED,"[217.0, 217.0, 220.0, 220.0, 227.0, 242.0, 245.0, 249.0, nan, nan, nan, nan, nan, nan, nan, nan, nan, nan, nan, nan, nan, nan, nan, nan, nan, nan, nan, nan, nan, nan, nan, nan, nan, nan]"
Emmanuel EZEKIEL-HART,Ginninderra,UNGROUPED,"[342.0, 342.0, 342.0, 342.0, 342.0, 352.0, 356.0, 357.0, 381.0, 384.0, 433.0, 439.0, 445.0, nan, nan, nan, nan, nan, nan, nan, nan, nan, nan, nan, nan, nan, nan, nan, nan, nan, nan, nan, nan, nan]"
Kim HUYNH,Ginninderra,UNGROUPED,"[2365.0, 2365.0, 2367.0, 2370.0, 2387.0, 2409.0, 2414.0, 2416.0, 2456.0, 2464.0, 2535.0, 2554.0, 2592.0, 2763.0, 2874.0, 2879.0, 2932.0, 3006.0, 3069.0, 3082.0, 3245.0, 3267.0, 3682.0, 3727.0, 3791.0, 3900.0, nan, nan, nan, nan, nan, nan, nan, nan]"
Lea ZANGL,Ginninderra,UNGROUPED,"[136.0, 136.0, 137.0, 138.0, 138.0, nan, nan, nan, nan, nan, nan, nan, nan, nan, nan, nan, nan, nan, nan, nan, nan, nan, nan, nan, nan, nan, nan, nan, nan, nan, nan, nan, nan, nan]"
Vanessa JONES,Ginninderra,UNGROUPED,"[242.0, 242.0, 243.0, 243.0, 251.0, 269.0, 273.0, 274.0, 326.0, 330.0, nan, nan, nan, nan, nan, nan, nan, nan, nan, nan, nan, nan, nan, nan, nan, nan, nan, nan, nan, nan, nan, nan, nan, nan]"
Bernie BRENNAN,Ginninderra,UNGROUPED,"[444.0, 444.0, 444.0, 446.0, 458.0, 461.0, 464.0, 464.0, 476.0, 480.0, 501.0, 506.0, 518.0, 535.0, 578.0, 588.0, 607.0, nan, nan, nan, nan, nan, nan, nan, nan, nan, nan, nan, nan, nan, nan, nan, nan, nan]"
Ian COOMBES,Ginninderra,UNGROUPED,"[122.0, 122.0, 123.0, 123.0, nan, nan, nan, nan, nan, nan, nan, nan, nan, nan, nan, nan, nan, nan, nan, nan, nan, nan, nan, nan, nan, nan, nan, nan, nan, nan, nan, nan, nan, nan]"
Leigh WATSON,Ginninderra,UNGROUPED,"[770.0, 770.0, 772.0, 772.0, 794.0, 805.0, 808.0, 813.0, 845.0, 846.0, 914.0, 923.0, 942.0, 968.0, 1038.0, 1049.0, 1084.0, 1204.0, 1259.0, 1263.0, 1364.0, 1381.0, nan, nan, nan, nan, nan, nan, nan, nan, nan, nan, nan, nan]"
Vijay DUBEY,Ginninderra,UNGROUPED,"[386.0, 386.0, 386.0, 388.0, 396.0, 403.0, 403.0, 404.0, 414.0, 414.0, 437.0, 444.0, 461.0, 496.0, nan, nan, nan, nan, nan, nan, nan, nan, nan, nan, nan, nan, nan, nan, nan, nan, nan, nan, nan, nan]"
exhausted,Ginninderra,nan,"[nan, nan, nan, 1.0, 2.0, 7.0, 9.0, 10.0, 14.0, 17.0, 23.0, 30.0, 40.0, 46.0, 63.0, 71.0, 126.0, 172.0, 420.0, 433.0, 574.0, 624.0, 946.0, 993.0, 1087.0, 1273.0, 2336.0, 2651.0, 2651.0, 3145.0, 3145.0, 3145.0, 3145.0, 5185.0]"
 Andrew BARR,Kurrajong,ACT LABOR,"[10398.0, 10398.0, 8142.0, 8142.0, 8142.0, 8142.0, 8142.0, 8142.0, 8142.0, 8142.0, 8142.0, 8142.0, 8142.0, 8142.0, 8142.0, 8142.0, 8142.0, 8142.0, 8142.0, 8142.0, 8142.0, 8142.0, 8142.0, 8142.0, 8142.0, 8142.0, 8142.0, 8142.0, 8142.0, 8142.0, 8142.0, 8142.0, 8142.0, 8142.0, 8142.0, 8142.0, 8142.0, 8142.0, 8142.0, 8142.0, 8142.0, 8142.0, 8142.0, 8142.0, 8142.0, 8142.0, 8142.0, 8142.0, 8142.0, 8142.0, 8142.0, 8142.0, 8142.0]"
 Josh CERAMIDAS,Kurrajong,ACT LABOR,"[2249.0, 2249.0, 2616.0, 2620.0, 2620.0, 2623.0, 2623.0, 2625.0, 2625.0, 2625.0, 2625.0, 2628.0, 2628.0, 2643.0, 2643.0, 2658.0, 2658.0, 2677.0, 2677.0, 2682.0, 2682.0, 2699.0, 2699.0, 2724.0, 2724.0, 2751.0, 2751.0, 2774.0, 2774.0, 2803.0, 2805.0, 2812.0, 2812.0, 3155.0, 3225.0, 3379.0, 3381.0, 3385.0, 4122.0, 4123.0, 4296.0, 4947.0, 4961.0, 4975.0, 5012.0, 5012.0, 5013.0, 5069.0, 5069.0, 5073.0, 5086.0, 5165.0, 744.0]"
 Leah DWYER,Kurrajong,ACT LABOR,"[1895.0, 1895.0, 2320.0, 2321.0, 2321.0, 2322.0, 2322.0, 2325.0, 2325.0, 2328.0, 2328.0, 2334.0, 2334.0, 2353.0, 2353.0, 2357.0, 2357.0, 2365.0, 2365.0, 2379.0, 2379.0, 2401.0, 2401.0, 2419.0, 2419.0, 2450.0, 2452.0, 2474.0, 2475.0, 2513.0, 2519.0, 2549.0, 2549.0, 2928.0, 3014.0, 3104.0, 3105.0, 3109.0, 525.0, 521.0, nan, nan, nan, nan, nan, nan, nan, nan, nan, nan, nan, nan, nan]"
 Rachel STEPHEN-SMITH,Kurrajong,ACT LABOR,"[2782.0, 2782.0, 3322.0, 3327.0, 3327.0, 3331.0, 3331.0, 3334.0, 3334.0, 3337.0, 3337.0, 3343.0, 3343.0, 3351.0, 3351.0, 3356.0, 3356.0, 3365.0, 3365.0, 3366.0, 3366.0, 3385.0, 3385.0, 3408.0, 3408.0, 3447.0, 3448.0, 3490.0, 3490.0, 3514.0, 3520.0, 3527.0, 3527.0, 3953.0, 4059.0, 4245.0, 4247.0, 4255.0, 5503.0, 5503.0, 5792.0, 7328.0, 7346.0, 7371.0, 7465.0, 7465.0, 7469.0, 7581.0, 7581.0, 7589.0, 7610.0, 7699.0, 11109.0]"
 Richard NIVEN,Kurrajong,ACT LABOR,"[1472.0, 1472.0, 1763.0, 1765.0, 1765.0, 1765.0, 1765.0, 1766.0, 1766.0, 1767.0, 1767.0, 1770.0, 1770.0, 1783.0, 1783.0, 1784.0, 1784.0, 1797.0, 1797.0, 1802.0, 1802.0, 1816.0, 1816.0, 1831.0, 1831.0, 1852.0, 1852.0, 1868.0, 1868.0, 1891.0, 1896.0, 1903.0, 1903.0, 296.0, nan, nan, nan, nan, nan, nan, nan, nan, nan, nan, nan, nan, nan, nan, nan, nan, nan, nan, nan]"
 Hugh UPTON,Kurrajong,LIBERAL DEMOCRATS,"[268.0, 268.0, 281.0, 282.0, 282.0, 282.0, 282.0, 282.0, 282.0, 13.0, nan, nan, nan, nan, nan, nan, nan, nan, nan, nan, nan, nan, nan, nan, nan, nan, nan, nan, nan, nan, nan, nan, nan, nan, nan, nan, nan, nan, nan, nan, nan, nan, nan, nan, nan, nan, nan, nan, nan, nan, nan, nan, nan]"
 Mark ELLIS,Kurrajong,LIBERAL DEMOCRATS,"[394.0, 394.0, 407.0, 409.0, 409.0, 413.0, 413.0, 414.0, 414.0, 511.0, 511.0, 513.0, 513.0, 521.0, 521.0, 522.0, 522.0, 529.0, 529.0, 848.0, 849.0, 875.0, 875.0, 911.0, 911.0, 927.0, 927.0, 14.0, nan, nan, nan, nan, nan, nan, nan, nan, nan, nan, nan, nan, nan, nan, nan, nan, nan, nan, nan, nan, nan, nan, nan, nan, nan]"
 Michael O'ROURKE,Kurrajong,LIBERAL DEMOCRATS,"[395.0, 395.0, 405.0, 406.0, 406.0, 406.0, 406.0, 407.0, 407.0, 495.0, 495.0, 497.0, 497.0, 503.0, 503.0, 504.0, 504.0, 511.0, 511.0, 10.0, nan, nan, nan, nan, nan, nan, nan, nan, nan, nan, nan, nan, nan, nan, nan, nan, nan, nan, nan, nan, nan, nan, nan, nan, nan, nan, nan, nan, nan, nan, nan, nan, nan]"
 Jill THOMSEN,Kurrajong,THE GREENS,"[1173.0, 1173.0, 1221.0, 1222.0, 1222.0, 1226.0, 1226.0, 1227.0, 1227.0, 1240.0, 1245.0, 1248.0, 1248.0, 1272.0, 1272.0, 1279.0, 1279.0, 1290.0, 1290.0, 1299.0, 1299.0, 1333.0, 1333.0, 1349.0, 1349.0, 1403.0, 1403.0, 1438.0, 1439.0, 54.0, nan, nan, nan, nan, nan, nan, nan, nan, nan, nan, nan, nan, nan, nan, nan, nan, nan, nan, nan, nan, nan, nan, nan]"
 Rebecca VASSAROTTI,Kurrajong,THE GREENS,"[1685.0, 1685.0, 1722.0, 1725.0, 1725.0, 1735.0, 1735.0, 1735.0, 1735.0, 1737.0, 1737.0, 1749.0, 1749.0, 1777.0, 1777.0, 1783.0, 1783.0, 1792.0, 1792.0, 1802.0, 1803.0, 1856.0, 1856.0, 1876.0, 1876.0, 1938.0, 1938.0, 1986.0, 1989.0, 2682.0, 2688.0, 2699.0, 2699.0, 2776.0, 2779.0, 3120.0, 3121.0, 3173.0, 3407.0, 3407.0, 3431.0, 127.0, 75.0, nan, nan, nan, nan, nan, nan, nan, nan, nan, nan]"
 Shane RATTENBURY,Kurrajong,THE GREENS,"[6307.0, 6307.0, 6667.0, 6670.0, 6670.0, 6680.0, 6680.0, 6684.0, 6684.0, 6694.0, 6695.0, 6704.0, 6704.0, 6750.0, 6750.0, 6768.0, 6768.0, 6794.0, 6794.0, 6812.0, 6815.0, 6880.0, 6880.0, 6920.0, 6920.0, 7043.0, 7044.0, 7095.0, 7098.0, 7594.0, 7602.0, 7642.0, 7643.0, 7820.0, 7841.0, 8219.0, 8219.0, 8142.0, 8142.0, 8142.0, 8142.0, 8142.0, 8142.0, 8142.0, 8142.0, 8142.0, 8142.0, 8142.0, 8142.0, 8142.0, 8142.0, 8142.0, 8142.0]"
 Chris BUCKNELL,Kurrajong,LIKE CANBERRA,"[210.0, 210.0, 215.0, 218.0, 218.0, 357.0, 357.0, 361.0, 361.0, 362.0, 362.0, 369.0, 369.0, 5.0, nan, nan, nan, nan, nan, nan, nan, nan, nan, nan, nan, nan, nan, nan, nan, nan, nan, nan, nan, nan, nan, nan, nan, nan, nan, nan, nan, nan, nan, nan, nan, nan, nan, nan, nan, nan, nan, nan, nan]"
 Maryann MUSSARED,Kurrajong,LIKE CANBERRA,"[209.0, 209.0, 213.0, 215.0, 215.0, 4.0, nan, nan, nan, nan, nan, nan, nan, nan, nan, nan, nan, nan, nan, nan, nan, nan, nan, nan, nan, nan, nan, nan, nan, nan, nan, nan, nan, nan, nan, nan, nan, nan, nan, nan, nan, nan, nan, nan, nan, nan, nan, nan, nan, nan, nan, nan, nan]"
 Brooke CURTIN,Kurrajong,CANBERRA LIBERALS,"[2739.0, 2739.0, 2752.0, 2753.0, 2753.0, 2753.0, 2753.0, 2757.0, 2757.0, 2761.0, 2761.0, 2766.0, 2766.0, 2775.0, 2775.0, 2778.0, 2778.0, 2791.0, 2791.0, 2801.0, 2801.0, 2822.0, 2822.0, 2858.0, 2858.0, 2876.0, 2876.0, 2965.0, 2965.0, 2969.0, 2969.0, 3279.0, 3279.0, 3299.0, 3299.0, 3521.0, 3521.0, 3521.0, 3542.0, 3542.0, 3546.0, 3619.0, 3619.0, 3622.0, 20.0, 20.0, nan, nan, nan, nan, nan, nan, nan]"
 Candice BURCH,Kurrajong,CANBERRA LIBERALS,"[2859.0, 2859.0, 2876.0, 2876.0, 2876.0, 2876.0, 2876.0, 2886.0, 2886.0, 2893.0, 2893.0, 2899.0, 2899.0, 2914.0, 2914.0, 2921.0, 2921.0, 2934.0, 2934.0, 2949.0, 2949.0, 2969.0, 2969.0, 3006.0, 3006.0, 3032.0, 3032.0, 3129.0, 3129.0, 3138.0, 3138.0, 3419.0, 3419.0, 3479.0, 3481.0, 3659.0, 3660.0, 3660.0, 3693.0, 3693.0, 3696.0, 3760.0, 3762.0, 3763.0, 4918.0, 4918.0, 4920.0, 28.0, 26.0, nan, nan, nan, nan]"
 Elizabeth LEE,Kurrajong,CANBERRA LIBERALS,"[4429.0, 4429.0, 4464.0, 4467.0, 4467.0, 4469.0, 4469.0, 4478.0, 4478.0, 4493.0, 4493.0, 4497.0, 4497.0, 4513.0, 4514.0, 4526.0, 4526.0, 4545.0, 4545.0, 4573.0, 4574.0, 4606.0, 4606.0, 4681.0, 4681.0, 4713.0, 4713.0, 4806.0, 4807.0, 4817.0, 4819.0, 5154.0, 5154.0, 5187.0, 5189.0, 5445.0, 5445.0, 5448.0, 5521.0, 5521.0, 5529.0, 5649.0, 5651.0, 5657.0, 6818.0, 6818.0, 6821.0, 9250.0, 9250.0, 9250.0, 8142.0, 8142.0, 8142.0]"
 Peter McKAY,Kurrajong,CANBERRA LIBERALS,"[1279.0, 1279.0, 1283.0, 1284.0, 1284.0, 1285.0, 1285.0, 1287.0, 1287.0, 1290.0, 1290.0, 1293.0, 1293.0, 1301.0, 1301.0, 1302.0, 1302.0, 1311.0, 1311.0, 1344.0, 1344.0, 1359.0, 1359.0, 1374.0, 1374.0, 1386.0, 1386.0, 1492.0, 1493.0, 1498.0, 1499.0, 6.0, nan, nan, nan, nan, nan, nan, nan, nan, nan, nan, nan, nan, nan, nan, nan, nan, nan, nan, nan, nan, nan]"
 Steve DOSZPOT,Kurrajong,CANBERRA LIBERALS,"[3834.0, 3834.0, 3863.0, 3865.0, 3865.0, 3868.0, 3868.0, 3873.0, 3873.0, 3888.0, 3889.0, 3891.0, 3891.0, 3910.0, 3910.0, 3923.0, 3923.0, 3931.0, 3931.0, 3944.0, 3944.0, 3965.0, 3965.0, 4026.0, 4026.0, 4057.0, 4057.0, 4148.0, 4148.0, 4161.0, 4169.0, 4587.0, 4587.0, 4606.0, 4607.0, 4813.0, 4814.0, 4815.0, 4840.0, 4840.0, 4845.0, 4881.0, 4883.0, 4884.0, 5821.0, 5821.0, 5823.0, 7595.0, 7596.0, 7600.0, 8672.0, 8142.0, 8142.0]"
 Lucinda SPIER,Kurrajong,CANBERRA COMMUNITY VOTERS,"[217.0, 217.0, 218.0, 221.0, 221.0, 226.0, 226.0, 1.0, nan, nan, nan, nan, nan, nan, nan, nan, nan, nan, nan, nan, nan, nan, nan, nan, nan, nan, nan, nan, nan, nan, nan, nan, nan, nan, nan, nan, nan, nan, nan, nan, nan, nan, nan, nan, nan, nan, nan, nan, nan, nan, nan, nan, nan]"
 Mike HETTINGER,Kurrajong,CANBERRA COMMUNITY VOTERS,"[299.0, 299.0, 301.0, 302.0, 302.0, 306.0, 306.0, 371.0, 371.0, 371.0, 371.0, 376.0, 376.0, 396.0, 396.0, 2.0, nan, nan, nan, nan, nan, nan, nan, nan, nan, nan, nan, nan, nan, nan, nan, nan, nan, nan, nan, nan, nan, nan, nan, nan, nan, nan, nan, nan, nan, nan, nan, nan, nan, nan, nan, nan, nan]"
 Richard FARMER,Kurrajong,CANBERRA COMMUNITY VOTERS,"[373.0, 373.0, 376.0, 380.0, 380.0, 383.0, 383.0, 448.0, 448.0, 448.0, 448.0, 457.0, 457.0, 474.0, 474.0, 699.0, 699.0, 726.0, 726.0, 732.0, 732.0, 795.0, 795.0, 3.0, nan, nan, nan, nan, nan, nan, nan, nan, nan, nan, nan, nan, nan, nan, nan, nan, nan, nan, nan, nan, nan, nan, nan, nan, nan, nan, nan, nan, nan]"
 John HAYDON,Kurrajong,SUSTAINABLE AUSTRALIA (ACT),"[356.0, 356.0, 360.0, 365.0, 365.0, 367.0, 367.0, 373.0, 373.0, 375.0, 375.0, 569.0, 569.0, 594.0, 594.0, 607.0, 607.0, 630.0, 630.0, 637.0, 637.0, 4.0, nan, nan, nan, nan, nan, nan, nan, nan, nan, nan, nan, nan, nan, nan, nan, nan, nan, nan, nan, nan, nan, nan, nan, nan, nan, nan, nan, nan, nan, nan, nan]"
 Oliver TYE,Kurrajong,SUSTAINABLE AUSTRALIA (ACT),"[289.0, 289.0, 292.0, 293.0, 293.0, 298.0, 298.0, 303.0, 303.0, 305.0, 305.0, 3.0, nan, nan, nan, nan, nan, nan, nan, nan, nan, nan, nan, nan, nan, nan, nan, nan, nan, nan, nan, nan, nan, nan, nan, nan, nan, nan, nan, nan, nan, nan, nan, nan, nan, nan, nan, nan, nan, nan, nan, nan, nan]"
 Graeme STRACHAN,Kurrajong,UNGROUPED,"[150.0, 150.0, 152.0, 2.0, nan, nan, nan, nan, nan, nan, nan, nan, nan, nan, nan, nan, nan, nan, nan, nan, nan, nan, nan, nan, nan, nan, nan, nan, nan, nan, nan, nan, nan, nan, nan, nan, nan, nan, nan, nan, nan, nan, nan, nan, nan, nan, nan, nan, nan, nan, nan, nan, nan]"
 Jeff ISAACS,Kurrajong,UNGROUPED,"[602.0, 602.0, 610.0, 625.0, 625.0, 626.0, 626.0, 636.0, 636.0, 637.0, 637.0, 645.0, 645.0, 659.0, 659.0, 666.0, 666.0, 717.0, 717.0, 720.0, 720.0, 796.0, 797.0, 864.0, 864.0, 9.0, nan, nan, nan, nan, nan, nan, nan, nan, nan, nan, nan, nan, nan, nan, nan, nan, nan, nan, nan, nan, nan, nan, nan, nan, nan, nan, nan]"
 Marea FATSEAS,Kurrajong,UNGROUPED,"[1597.0, 1597.0, 1603.0, 1638.0, 1638.0, 1646.0, 1646.0, 1660.0, 1660.0, 1661.0, 1661.0, 1668.0, 1668.0, 1693.0, 1693.0, 1732.0, 1732.0, 1944.0, 1945.0, 1947.0, 1947.0, 2058.0, 2058.0, 2224.0, 2224.0, 2490.0, 2491.0, 2547.0, 2547.0, 2556.0, 2559.0, 2571.0, 2571.0, 2596.0, 2597.0, 12.0, nan, nan, nan, nan, nan, nan, nan, nan, nan, nan, nan, nan, nan, nan, nan, nan, nan]"
 Peter ROBINSON,Kurrajong,UNGROUPED,"[388.0, 388.0, 391.0, 441.0, 441.0, 442.0, 442.0, 449.0, 449.0, 450.0, 450.0, 454.0, 454.0, 476.0, 476.0, 490.0, 490.0, 3.0, nan, nan, nan, nan, nan, nan, nan, nan, nan, nan, nan, nan, nan, nan, nan, nan, nan, nan, nan, nan, nan, nan, nan, nan, nan, nan, nan, nan, nan, nan, nan, nan, nan, nan, nan]"
exhausted,Kurrajong,nan,"[nan, nan, nan, 1.0, 1.0, 2.0, 2.0, 5.0, 5.0, 5.0, 5.0, 7.0, 7.0, 14.0, 14.0, 16.0, 16.0, 19.0, 19.0, 22.0, 22.0, 46.0, 47.0, 189.0, 189.0, 286.0, 287.0, 431.0, 431.0, 463.0, 468.0, 503.0, 506.0, 554.0, 557.0, 1131.0, 1138.0, 1138.0, 1351.0, 1351.0, 1367.0, 2191.0, 2203.0, 2231.0, 2449.0, 2449.0, 2460.0, 2983.0, 2983.0, 2996.0, 2996.0, 2996.0, 4007.0]"
 Rod VICKERS,Murrumbidgee,LIKE CANBERRA,"[338.0, 338.0, 341.0, 341.0, 341.0, 343.0, 343.0, 343.0, 343.0, 345.0, 346.0, 349.0, 350.0, 358.0, 358.0, 547.0, 548.0, 553.0, 553.0, 600.0, 600.0, 606.0, 606.0, 653.0, 653.0, 6.0, nan, nan, nan, nan, nan, nan, nan, nan, nan, nan, nan, nan, nan, nan, nan, nan, nan, nan, nan, nan, nan, nan, nan, nan, nan, nan, nan, nan, nan, nan]"
 Shelley DICKERSON,Murrumbidgee,LIKE CANBERRA,"[320.0, 320.0, 324.0, 325.0, 325.0, 326.0, 326.0, 326.0, 326.0, 328.0, 328.0, 331.0, 331.0, 340.0, 340.0, 4.0, nan, nan, nan, nan, nan, nan, nan, nan, nan, nan, nan, nan, nan, nan, nan, nan, nan, nan, nan, nan, nan, nan, nan, nan, nan, nan, nan, nan, nan, nan, nan, nan, nan, nan, nan, nan, nan, nan, nan, nan]"
 Bec CODY,Murrumbidgee,ACT LABOR,"[4373.0, 4373.0, 4388.0, 4389.0, 4389.0, 4389.0, 4389.0, 4391.0, 4391.0, 4393.0, 4393.0, 4395.0, 4395.0, 4395.0, 4395.0, 4409.0, 4409.0, 4412.0, 4412.0, 4424.0, 4424.0, 4429.0, 4429.0, 4450.0, 4450.0, 4487.0, 4487.0, 4493.0, 4493.0, 4524.0, 4524.0, 4553.0, 4553.0, 4610.0, 4610.0, 4626.0, 4628.0, 4696.0, 4696.0, 5320.0, 5320.0, 5363.0, 5364.0, 5613.0, 5614.0, 6579.0, 6580.0, 9014.0, 9014.0, 8343.0, 8343.0, 8343.0, 8343.0, 8343.0, 8343.0, 8343.0]"
 Brendan LONG,Murrumbidgee,ACT LABOR,"[2680.0, 2680.0, 2692.0, 2692.0, 2692.0, 2693.0, 2693.0, 2695.0, 2695.0, 2695.0, 2695.0, 2697.0, 2697.0, 2702.0, 2702.0, 2710.0, 2710.0, 2711.0, 2711.0, 2718.0, 2718.0, 2721.0, 2721.0, 2738.0, 2738.0, 2762.0, 2762.0, 2768.0, 2768.0, 2797.0, 2797.0, 2804.0, 2804.0, 2828.0, 2828.0, 2845.0, 2846.0, 2912.0, 2912.0, 3325.0, 3325.0, 3380.0, 3381.0, 3539.0, 3539.0, 14.0, nan, nan, nan, nan, nan, nan, nan, nan, nan, nan]"
 Chris STEEL,Murrumbidgee,ACT LABOR,"[4574.0, 4574.0, 4594.0, 4595.0, 4595.0, 4598.0, 4598.0, 4599.0, 4599.0, 4602.0, 4602.0, 4605.0, 4605.0, 4608.0, 4608.0, 4619.0, 4619.0, 4620.0, 4620.0, 4633.0, 4633.0, 4640.0, 4640.0, 4653.0, 4653.0, 4709.0, 4709.0, 4717.0, 4717.0, 4749.0, 4749.0, 4766.0, 4766.0, 4818.0, 4818.0, 4830.0, 4831.0, 4872.0, 4872.0, 5373.0, 5373.0, 5405.0, 5407.0, 5617.0, 5619.0, 6617.0, 6620.0, 8432.0, 8432.0, 8432.0, 8343.0, 8343.0, 8343.0, 8343.0, 8343.0, 8343.0]"
 Jennifer NEWMAN,Murrumbidgee,ACT LABOR,"[3260.0, 3260.0, 3270.0, 3273.0, 3273.0, 3274.0, 3274.0, 3274.0, 3274.0, 3274.0, 3274.0, 3278.0, 3278.0, 3285.0, 3285.0, 3306.0, 3306.0, 3308.0, 3308.0, 3318.0, 3318.0, 3331.0, 3331.0, 3345.0, 3345.0, 3376.0, 3376.0, 3380.0, 3380.0, 3398.0, 3398.0, 3449.0, 3449.0, 3484.0, 3484.0, 3550.0, 3551.0, 3596.0, 3596.0, 4154.0, 4156.0, 4196.0, 4198.0, 4360.0, 4360.0, 5324.0, 5325.0, 16.0, nan, nan, nan, nan, nan, nan, nan, nan]"
 Mark KULASINGHAM,Murrumbidgee,ACT LABOR,"[2378.0, 2378.0, 2391.0, 2391.0, 2391.0, 2391.0, 2391.0, 2391.0, 2391.0, 2397.0, 2397.0, 2404.0, 2404.0, 2408.0, 2408.0, 2415.0, 2415.0, 2416.0, 2416.0, 2419.0, 2419.0, 2425.0, 2425.0, 2442.0, 2442.0, 2474.0, 2474.0, 2478.0, 2478.0, 2494.0, 2494.0, 2518.0, 2519.0, 2553.0, 2553.0, 2562.0, 2563.0, 2602.0, 2603.0, 16.0, nan, nan, nan, nan, nan, nan, nan, nan, nan, nan, nan, nan, nan, nan, nan, nan]"
 Jill MAIL,Murrumbidgee,SUSTAINABLE AUSTRALIA (ACT),"[284.0, 284.0, 287.0, 287.0, 287.0, 288.0, 288.0, 295.0, 295.0, 295.0, 295.0, 3.0, nan, nan, nan, nan, nan, nan, nan, nan, nan, nan, nan, nan, nan, nan, nan, nan, nan, nan, nan, nan, nan, nan, nan, nan, nan, nan, nan, nan, nan, nan, nan, nan, nan, nan, nan, nan, nan, nan, nan, nan, nan, nan, nan, nan]"
 Mark O'CONNOR,Murrumbidgee,SUSTAINABLE AUSTRALIA (ACT),"[368.0, 368.0, 372.0, 372.0, 372.0, 372.0, 372.0, 372.0, 372.0, 372.0, 372.0, 583.0, 584.0, 591.0, 591.0, 604.0, 604.0, 604.0, 604.0, 649.0, 649.0, 674.0, 676.0, 736.0, 736.0, 832.0, 832.0, 857.0, 858.0, 8.0, nan, nan, nan, nan, nan, nan, nan, nan, nan, nan, nan, nan, nan, nan, nan, nan, nan, nan, nan, nan, nan, nan, nan, nan, nan, nan]"
 Giulia JONES,Murrumbidgee,CANBERRA LIBERALS,"[3594.0, 3594.0, 4926.0, 4927.0, 4927.0, 4931.0, 4931.0, 4935.0, 4935.0, 4940.0, 4941.0, 4948.0, 4948.0, 4965.0, 4965.0, 4973.0, 4973.0, 4984.0, 4984.0, 5015.0, 5016.0, 5024.0, 5025.0, 5063.0, 5064.0, 5113.0, 5114.0, 5159.0, 5159.0, 5216.0, 5217.0, 5222.0, 5223.0, 5300.0, 5301.0, 5850.0, 5966.0, 5987.0, 5987.0, 6039.0, 6043.0, 6966.0, 7154.0, 7431.0, 7437.0, 7550.0, 7552.0, 7711.0, 7717.0, 7792.0, 7799.0, 12403.0, 12403.0, 12403.0, 12403.0, 8343.0]"
 Jeremy HANSON,Murrumbidgee,CANBERRA LIBERALS,"[11224.0, 11224.0, 8343.0, 8343.0, 8343.0, 8343.0, 8343.0, 8343.0, 8343.0, 8343.0, 8343.0, 8343.0, 8343.0, 8343.0, 8343.0, 8343.0, 8343.0, 8343.0, 8343.0, 8343.0, 8343.0, 8343.0, 8343.0, 8343.0, 8343.0, 8343.0, 8343.0, 8343.0, 8343.0, 8343.0, 8343.0, 8343.0, 8343.0, 8343.0, 8343.0, 8343.0, 8343.0, 8343.0, 8343.0, 8343.0, 8343.0, 8343.0, 8343.0, 8343.0, 8343.0, 8343.0, 8343.0, 8343.0, 8343.0, 8343.0, 8343.0, 8343.0, 8343.0, 8343.0, 8343.0, 8343.0]"
 Jessica ADELAN-LANGFORD,Murrumbidgee,CANBERRA LIBERALS,"[1340.0, 1340.0, 1635.0, 1648.0, 1648.0, 1649.0, 1649.0, 1652.0, 1652.0, 1654.0, 1654.0, 1656.0, 1656.0, 1662.0, 1662.0, 1667.0, 1667.0, 1671.0, 1671.0, 1687.0, 1687.0, 1694.0, 1694.0, 1720.0, 1720.0, 1731.0, 1731.0, 1749.0, 1749.0, 1774.0, 1774.0, 1786.0, 1786.0, 1824.0, 1824.0, 295.0, nan, nan, nan, nan, nan, nan, nan, nan, nan, nan, nan, nan, nan, nan, nan, nan, nan, nan, nan, nan]"
 Paul HOUSE,Murrumbidgee,CANBERRA LIBERALS,"[1737.0, 1737.0, 2072.0, 2072.0, 2072.0, 2073.0, 2073.0, 2074.0, 2074.0, 2074.0, 2075.0, 2076.0, 2076.0, 2082.0, 2082.0, 2086.0, 2086.0, 2097.0, 2097.0, 2113.0, 2113.0, 2118.0, 2118.0, 2136.0, 2136.0, 2153.0, 2153.0, 2181.0, 2181.0, 2224.0, 2224.0, 2224.0, 2224.0, 2266.0, 2269.0, 2605.0, 2681.0, 2695.0, 2695.0, 2724.0, 2725.0, 416.0, nan, nan, nan, nan, nan, nan, nan, nan, nan, nan, nan, nan, nan, nan]"
 Peter HOSKING,Murrumbidgee,CANBERRA LIBERALS,"[3530.0, 3530.0, 4261.0, 4263.0, 4263.0, 4266.0, 4266.0, 4267.0, 4267.0, 4271.0, 4271.0, 4275.0, 4275.0, 4283.0, 4284.0, 4286.0, 4286.0, 4290.0, 4290.0, 4310.0, 4310.0, 4314.0, 4314.0, 4340.0, 4342.0, 4366.0, 4366.0, 4398.0, 4399.0, 4461.0, 4461.0, 4469.0, 4469.0, 4525.0, 4526.0, 4949.0, 5041.0, 5052.0, 5052.0, 5099.0, 5100.0, 6072.0, 6281.0, 6559.0, 6567.0, 6624.0, 6625.0, 6733.0, 6735.0, 6762.0, 6771.0, 1085.0, 1058.0, 9.0, nan, nan]"
 Michael LINDFIELD,Murrumbidgee,THE COMMUNITY ALLIANCE PARTY (ACT),"[235.0, 235.0, 239.0, 239.0, 239.0, 239.0, 239.0, 374.0, 375.0, 379.0, 379.0, 381.0, 381.0, 387.0, 387.0, 394.0, 395.0, 399.0, 399.0, 6.0, nan, nan, nan, nan, nan, nan, nan, nan, nan, nan, nan, nan, nan, nan, nan, nan, nan, nan, nan, nan, nan, nan, nan, nan, nan, nan, nan, nan, nan, nan, nan, nan, nan, nan, nan, nan]"
 Nancy-Louise SCHERGER,Murrumbidgee,THE COMMUNITY ALLIANCE PARTY (ACT),"[178.0, 178.0, 180.0, 180.0, 180.0, 181.0, 181.0, 2.0, nan, nan, nan, nan, nan, nan, nan, nan, nan, nan, nan, nan, nan, nan, nan, nan, nan, nan, nan, nan, nan, nan, nan, nan, nan, nan, nan, nan, nan, nan, nan, nan, nan, nan, nan, nan, nan, nan, nan, nan, nan, nan, nan, nan, nan, nan, nan, nan]"
 Alexander KLINKON,Murrumbidgee,LIBERAL DEMOCRATS,"[138.0, 138.0, 139.0, 1.0, nan, nan, nan, nan, nan, nan, nan, nan, nan, nan, nan, nan, nan, nan, nan, nan, nan, nan, nan, nan, nan, nan, nan, nan, nan, nan, nan, nan, nan, nan, nan, nan, nan, nan, nan, nan, nan, nan, nan, nan, nan, nan, nan, nan, nan, nan, nan, nan, nan, nan, nan, nan]"
 Brendan CUMPSTON,Murrumbidgee,LIBERAL DEMOCRATS,"[153.0, 153.0, 166.0, 198.0, 198.0, 242.0, 242.0, 243.0, 243.0, 13.0, nan, nan, nan, nan, nan, nan, nan, nan, nan, nan, nan, nan, nan, nan, nan, nan, nan, nan, nan, nan, nan, nan, nan, nan, nan, nan, nan, nan, nan, nan, nan, nan, nan, nan, nan, nan, nan, nan, nan, nan, nan, nan, nan, nan, nan, nan]"
 Fergus BROWN,Murrumbidgee,LIBERAL DEMOCRATS,"[141.0, 141.0, 144.0, 167.0, 167.0, 3.0, nan, nan, nan, nan, nan, nan, nan, nan, nan, nan, nan, nan, nan, nan, nan, nan, nan, nan, nan, nan, nan, nan, nan, nan, nan, nan, nan, nan, nan, nan, nan, nan, nan, nan, nan, nan, nan, nan, nan, nan, nan, nan, nan, nan, nan, nan, nan, nan, nan, nan]"
 Roman GOWOR,Murrumbidgee,LIBERAL DEMOCRATS,"[215.0, 215.0, 221.0, 242.0, 242.0, 285.0, 285.0, 286.0, 286.0, 370.0, 370.0, 372.0, 372.0, 375.0, 375.0, 376.0, 376.0, 637.0, 637.0, 651.0, 651.0, 653.0, 653.0, 666.0, 666.0, 677.0, 677.0, 6.0, nan, nan, nan, nan, nan, nan, nan, nan, nan, nan, nan, nan, nan, nan, nan, nan, nan, nan, nan, nan, nan, nan, nan, nan, nan, nan, nan, nan]"
 Tom HAMER,Murrumbidgee,LIBERAL DEMOCRATS,"[166.0, 166.0, 169.0, 201.0, 201.0, 243.0, 243.0, 244.0, 244.0, 339.0, 339.0, 340.0, 340.0, 343.0, 343.0, 344.0, 344.0, 3.0, nan, nan, nan, nan, nan, nan, nan, nan, nan, nan, nan, nan, nan, nan, nan, nan, nan, nan, nan, nan, nan, nan, nan, nan, nan, nan, nan, nan, nan, nan, nan, nan, nan, nan, nan, nan, nan, nan]"
 Deborah FIELD,Murrumbidgee,ANIMAL JUSTICE PARTY,"[567.0, 567.0, 574.0, 575.0, 575.0, 577.0, 577.0, 579.0, 579.0, 582.0, 583.0, 596.0, 596.0, 600.0, 600.0, 605.0, 605.0, 609.0, 609.0, 630.0, 630.0, 1008.0, 1011.0, 1055.0, 1055.0, 1098.0, 1099.0, 1124.0, 1125.0, 1269.0, 1269.0, 1282.0, 1282.0, 13.0, nan, nan, nan, nan, nan, nan, nan, nan, nan, nan, nan, nan, nan, nan, nan, nan, nan, nan, nan, nan, nan, nan]"
 Jessica MONTAGNE,Murrumbidgee,ANIMAL JUSTICE PARTY,"[504.0, 504.0, 512.0, 514.0, 514.0, 519.0, 519.0, 521.0, 521.0, 525.0, 526.0, 529.0, 529.0, 536.0, 536.0, 545.0, 545.0, 555.0, 555.0, 575.0, 576.0, 10.0, nan, nan, nan, nan, nan, nan, nan, nan, nan, nan, nan, nan, nan, nan, nan, nan, nan, nan, nan, nan, nan, nan, nan, nan, nan, nan, nan, nan, nan, nan, nan, nan, nan, nan]"
 Caroline LE COUTEUR,Murrumbidgee,THE GREENS,"[3248.0, 3248.0, 3261.0, 3262.0, 3262.0, 3262.0, 3262.0, 3267.0, 3267.0, 3269.0, 3269.0, 3274.0, 3274.0, 3287.0, 3287.0, 3296.0, 3296.0, 3296.0, 3296.0, 3307.0, 3307.0, 3317.0, 3317.0, 3340.0, 3341.0, 3374.0, 3374.0, 3388.0, 3388.0, 3464.0, 3464.0, 3876.0, 3876.0, 4080.0, 4082.0, 4094.0, 4095.0, 5584.0, 5585.0, 5768.0, 5770.0, 5827.0, 5827.0, 6404.0, 6405.0, 6569.0, 6571.0, 6930.0, 6932.0, 7499.0, 7571.0, 7816.0, 7829.0, 7951.0, 7955.0, 8557.0]"
 Emma DAVIDSON,Murrumbidgee,THE GREENS,"[1171.0, 1171.0, 1175.0, 1175.0, 1175.0, 1177.0, 1177.0, 1177.0, 1177.0, 1180.0, 1180.0, 1185.0, 1185.0, 1190.0, 1190.0, 1198.0, 1198.0, 1204.0, 1204.0, 1208.0, 1208.0, 1229.0, 1229.0, 1251.0, 1251.0, 1271.0, 1271.0, 1279.0, 1279.0, 1319.0, 1319.0, 1734.0, 1734.0, 1897.0, 1897.0, 1907.0, 1907.0, 4.0, nan, nan, nan, nan, nan, nan, nan, nan, nan, nan, nan, nan, nan, nan, nan, nan, nan, nan]"
 Jennifer FAERBER,Murrumbidgee,THE GREENS,"[906.0, 906.0, 911.0, 914.0, 914.0, 914.0, 914.0, 914.0, 914.0, 914.0, 915.0, 915.0, 915.0, 918.0, 918.0, 921.0, 921.0, 924.0, 924.0, 938.0, 938.0, 960.0, 961.0, 979.0, 979.0, 997.0, 997.0, 1009.0, 1009.0, 1047.0, 1047.0, 7.0, nan, nan, nan, nan, nan, nan, nan, nan, nan, nan, nan, nan, nan, nan, nan, nan, nan, nan, nan, nan, nan, nan, nan, nan]"
 Brendan WHYTE,Murrumbidgee,UNGROUPED,"[315.0, 315.0, 321.0, 321.0, 321.0, 321.0, 321.0, 321.0, 321.0, 322.0, 323.0, 325.0, 325.0, 7.0, nan, nan, nan, nan, nan, nan, nan, nan, nan, nan, nan, nan, nan, nan, nan, nan, nan, nan, nan, nan, nan, nan, nan, nan, nan, nan, nan, nan, nan, nan, nan, nan, nan, nan, nan, nan, nan, nan, nan, nan, nan, nan]"
 Margaret WEBBER,Murrumbidgee,UNGROUPED,"[372.0, 372.0, 376.0, 376.0, 376.0, 378.0, 378.0, 382.0, 382.0, 382.0, 382.0, 386.0, 386.0, 532.0, 534.0, 537.0, 537.0, 538.0, 538.0, 594.0, 594.0, 599.0, 599.0, 6.0, nan, nan, nan, nan, nan, nan, nan, nan, nan, nan, nan, nan, nan, nan, nan, nan, nan, nan, nan, nan, nan, nan, nan, nan, nan, nan, nan, nan, nan, nan, nan, nan]"
 Robbie SWAN,Murrumbidgee,UNGROUPED,"[1746.0, 1746.0, 1761.0, 1761.0, 1761.0, 1765.0, 1765.0, 1770.0, 1770.0, 1777.0, 1777.0, 1782.0, 1782.0, 1827.0, 1827.0, 1833.0, 1833.0, 1839.0, 1839.0, 1869.0, 1869.0, 1902.0, 1902.0, 2060.0, 2060.0, 2157.0, 2157.0, 2188.0, 2188.0, 2305.0, 2306.0, 2327.0, 2327.0, 2606.0, 2609.0, 2632.0, 2633.0, 2677.0, 2678.0, 2732.0, 2732.0, 2808.0, 2813.0, 26.0, nan, nan, nan, nan, nan, nan, nan, nan, nan, nan, nan, nan]"
exhausted,Murrumbidgee,nan,"[nan, nan, nan, 1.0, 1.0, 2.0, 2.0, 4.0, 4.0, 5.0, 5.0, 6.0, 6.0, 9.0, 9.0, 11.0, 11.0, 14.0, 14.0, 17.0, 17.0, 23.0, 23.0, 41.0, 41.0, 89.0, 90.0, 495.0, 496.0, 618.0, 621.0, 647.0, 648.0, 856.0, 859.0, 915.0, 917.0, 982.0, 984.0, 1110.0, 1117.0, 1228.0, 1238.0, 2114.0, 2127.0, 2391.0, 2395.0, 2832.0, 2840.0, 2840.0, 2840.0, 3677.0, 3691.0, 4625.0, 4629.0, 4629.0]"
 Dave GREEN,Yerrabi,LIBERAL DEMOCRATS,"[766.0, 766.0, 773.0, 778.0, 782.0, 785.0, 799.0, 802.0, 1115.0, 1152.0, 1163.0, nan, nan, nan, nan, nan, nan, nan, nan, nan, nan, nan, nan, nan, nan, nan, nan, nan, nan, nan]"
 Declan KEATING,Yerrabi,LIBERAL DEMOCRATS,"[630.0, 630.0, 630.0, 638.0, 639.0, 640.0, 659.0, 660.0, nan, nan, nan, nan, nan, nan, nan, nan, nan, nan, nan, nan, nan, nan, nan, nan, nan, nan, nan, nan, nan, nan]"
 Alistair COE,Yerrabi,CANBERRA LIBERALS,"[7259.0, 7259.0, 7265.0, 7295.0, 7307.0, 7320.0, 7350.0, 7357.0, 7391.0, 7440.0, 7445.0, 7613.0, 7639.0, 8026.0, 8171.0, 8342.0, 8387.0, 8400.0, 9600.0, 9600.0, 8543.0, 8543.0, 8543.0, 8543.0, 8543.0, 8543.0, 8543.0, 8543.0, 8543.0, 8543.0]"
 Amanda LYNCH,Yerrabi,CANBERRA LIBERALS,"[2658.0, 2658.0, 2664.0, 2674.0, 2681.0, 2694.0, 2713.0, 2715.0, 2771.0, 2795.0, 2803.0, 2983.0, 2995.0, 3375.0, 3460.0, 3615.0, 3660.0, 3663.0, 3.0, nan, nan, nan, nan, nan, nan, nan, nan, nan, nan, nan]"
 Jacob VADAKKEDATHU,Yerrabi,CANBERRA LIBERALS,"[3146.0, 3146.0, 3150.0, 3156.0, 3160.0, 3169.0, 3183.0, 3189.0, 3242.0, 3264.0, 3274.0, 3423.0, 3443.0, 3711.0, 3783.0, 3889.0, 4218.0, 4252.0, 4917.0, 4917.0, 5256.0, 5355.0, 5355.0, 5358.0, 5511.0, 5512.0, 5520.0, 5678.0, 5754.0, 461.0]"
 James MILLIGAN,Yerrabi,CANBERRA LIBERALS,"[3872.0, 3872.0, 3875.0, 3891.0, 3903.0, 3915.0, 3938.0, 3940.0, 4011.0, 4051.0, 4055.0, 4237.0, 4263.0, 4660.0, 4775.0, 4908.0, 4947.0, 4953.0, 6128.0, 6128.0, 6781.0, 6897.0, 6899.0, 6899.0, 7028.0, 7032.0, 7032.0, 7186.0, 7249.0, 10923.0]"
 Justin STATES,Yerrabi,CANBERRA LIBERALS,"[1431.0, 1431.0, 1435.0, 1443.0, 1443.0, 1446.0, 1455.0, 1455.0, 1504.0, 1519.0, 1529.0, 1638.0, 1645.0, nan, nan, nan, nan, nan, nan, nan, nan, nan, nan, nan, nan, nan, nan, nan, nan, nan]"
 Casey HEFFERNAN,Yerrabi,LIKE CANBERRA,"[246.0, 246.0, nan, nan, nan, nan, nan, nan, nan, nan, nan, nan, nan, nan, nan, nan, nan, nan, nan, nan, nan, nan, nan, nan, nan, nan, nan, nan, nan, nan]"
 Tim BOHM,Yerrabi,LIKE CANBERRA,"[409.0, 409.0, 535.0, 547.0, 556.0, 576.0, nan, nan, nan, nan, nan, nan, nan, nan, nan, nan, nan, nan, nan, nan, nan, nan, nan, nan, nan, nan, nan, nan, nan, nan]"
 Paul GABRIEL,Yerrabi,SUSTAINABLE AUSTRALIA (ACT),"[262.0, 262.0, 276.0, 282.0, nan, nan, nan, nan, nan, nan, nan, nan, nan, nan, nan, nan, nan, nan, nan, nan, nan, nan, nan, nan, nan, nan, nan, nan, nan, nan]"
 Violet SHERIDAN,Yerrabi,SUSTAINABLE AUSTRALIA (ACT),"[470.0, 470.0, 483.0, 490.0, 652.0, 686.0, 763.0, 780.0, 793.0, nan, nan, nan, nan, nan, nan, nan, nan, nan, nan, nan, nan, nan, nan, nan, nan, nan, nan, nan, nan, nan]"
 Deepak-Raj GUPTA,Yerrabi,ACT LABOR,"[2973.0, 2973.0, 2977.0, 2983.0, 2986.0, 2996.0, 3010.0, 3032.0, 3039.0, 3058.0, 3081.0, 3118.0, 3137.0, 3147.0, 3196.0, 3288.0, nan, nan, nan, nan, nan, nan, nan, nan, nan, nan, nan, nan, nan, nan]"
 Jayson HINDER,Yerrabi,ACT LABOR,"[3206.0, 3206.0, 3210.0, 3213.0, 3220.0, 3232.0, 3255.0, 3273.0, 3281.0, 3296.0, 3328.0, 3350.0, 3375.0, 3390.0, 3465.0, 3613.0, 4163.0, 4358.0, 4458.0, 4458.0, 4471.0, 208.0, 195.0, nan, nan, nan, nan, nan, nan, nan]"
 Meegan FITZHARRIS,Yerrabi,ACT LABOR,"[7790.0, 7790.0, 7795.0, 7801.0, 7812.0, 7826.0, 7860.0, 7870.0, 7881.0, 7926.0, 7979.0, 8009.0, 8052.0, 8071.0, 8281.0, 8455.0, 9293.0, 8543.0, 8543.0, 8543.0, 8543.0, 8543.0, 8543.0, 8543.0, 8543.0, 8543.0, 8543.0, 8543.0, 8543.0, 8543.0]"
 Michael PETTERSSON,Yerrabi,ACT LABOR,"[4817.0, 4817.0, 4823.0, 4831.0, 4838.0, 4852.0, 4874.0, 4881.0, 4885.0, 4924.0, 4961.0, 4988.0, 5030.0, 5054.0, 5178.0, 5345.0, 5968.0, 6189.0, 6258.0, 6258.0, 6268.0, 7956.0, 7958.0, 8086.0, 9309.0, 9309.0, 9309.0, 8543.0, 8543.0, 8543.0]"
 Suzanne ORR,Yerrabi,ACT LABOR,"[3726.0, 3726.0, 3731.0, 3738.0, 3743.0, 3754.0, 3780.0, 3789.0, 3800.0, 3839.0, 3894.0, 3918.0, 3927.0, 3976.0, 4066.0, 4240.0, 4783.0, 5022.0, 5124.0, 5124.0, 5141.0, 6806.0, 6808.0, 6855.0, 8683.0, 8683.0, 8683.0, 8683.0, 8543.0, 8543.0]"
 Andrew BRADDOCK,Yerrabi,THE GREENS,"[747.0, 747.0, 747.0, 748.0, 752.0, 773.0, 785.0, 995.0, 1001.0, 1056.0, nan, nan, nan, nan, nan, nan, nan, nan, nan, nan, nan, nan, nan, nan, nan, nan, nan, nan, nan, nan]"
 Tobias HOLM,Yerrabi,THE GREENS,"[555.0, 555.0, 560.0, 562.0, 568.0, 583.0, 597.0, nan, nan, nan, nan, nan, nan, nan, nan, nan, nan, nan, nan, nan, nan, nan, nan, nan, nan, nan, nan, nan, nan, nan]"
 Veronica WENSING,Yerrabi,THE GREENS,"[2332.0, 2332.0, 2338.0, 2343.0, 2351.0, 2407.0, 2435.0, 2687.0, 2690.0, 2799.0, 3535.0, 3567.0, 3621.0, 3637.0, 3854.0, 4379.0, 4531.0, 4567.0, 4669.0, 4669.0, 4691.0, 4958.0, 4958.0, 4968.0, 68.0, 46.0, nan, nan, nan, nan]"
 Andrew DEWSON,Yerrabi,AUSTRALIAN SEX PARTY ACT,"[1055.0, 1055.0, 1063.0, 1075.0, 1087.0, 1124.0, 1173.0, 1185.0, 1188.0, 1229.0, 1239.0, 1277.0, nan, nan, nan, nan, nan, nan, nan, nan, nan, nan, nan, nan, nan, nan, nan, nan, nan, nan]"
 Susie KENNETT,Yerrabi,AUSTRALIAN SEX PARTY ACT,"[979.0, 979.0, 988.0, 999.0, 999.0, 1049.0, 1114.0, 1128.0, 1136.0, 1233.0, 1265.0, 1304.0, 2202.0, 2235.0, 2550.0, nan, nan, nan, nan, nan, nan, nan, nan, nan, nan, nan, nan, nan, nan, nan]"
 Daniel EVANS,Yerrabi,UNGROUPED,"[255.0, 255.0, 257.0, nan, nan, nan, nan, nan, nan, nan, nan, nan, nan, nan, nan, nan, nan, nan, nan, nan, nan, nan, nan, nan, nan, nan, nan, nan, nan, nan]"
 David POLLARD,Yerrabi,UNGROUPED,"[1211.0, 1211.0, 1216.0, 1274.0, 1279.0, 1411.0, 1489.0, 1492.0, 1494.0, 1607.0, 1623.0, 1697.0, 1762.0, 1779.0, nan, nan, nan, nan, nan, nan, nan, nan, nan, nan, nan, nan, nan, nan, nan, nan]"
 Mandy COTTINGHAM,Yerrabi,UNGROUPED,"[458.0, 458.0, 460.0, 483.0, 485.0, nan, nan, nan, nan, nan, nan, nan, nan, nan, nan, nan, nan, nan, nan, nan, nan, nan, nan, nan, nan, nan, nan, nan, nan, nan]"
exhausted,Yerrabi,nan,"[nan, nan, 2.0, 9.0, 10.0, 15.0, 21.0, 23.0, 31.0, 65.0, 79.0, 131.0, 162.0, 192.0, 474.0, 1179.0, 1303.0, 1303.0, 1550.0, 1551.0, 1551.0, 1979.0, 1982.0, 1986.0, 3553.0, 3568.0, 3605.0, 3605.0, 3605.0, 5224.0]"
